ID,First Name,Last Name,Gender,Country,Phone No.,Currency,DOB,Salary,Body Temp.,Blood Group,Employee ID,Feedback,Email,URL,Company,Dept,Designation,Passport,SSN,Credit Card,Password,Address,Latitude,Longitude,Industry,Time of Arrival,Year,Month,Product,Category
1,Betty,Davis,Female,UK,+44-7686-476-652,GBP,1983-09-19,18000,97.8,B-,141678,"Um dolor sit amet, c",desert80s@gmail.com,www.equilibriumindustries.com,Forge Labs,Operations,Operations Associate,424611,90-88-49,7674170698537435,happypasswordOj,"97 Washington St., Wolverhampton, West Midlands, CW4 9IU, UK",57.305826,0.378175,Artificial Intelligence,12:56:21,1943,July,Headphones,Electronics
2,Dorothy,Hall,Female,UK,+44-7941-913-061,GBP,1990-05-06,20000,98.4,O+,908824,"Or sit amet, consect",mozzarellanorwester@hotmail.com,www.integralsystems.com,Quantum Networks,Business Development,Business Development Manager,677721,76-06-23,8235986913274540,diamondsunshineYw,"72 Chestnut Sqr., Basildon, Essex, CV7 15HS, UK",50.978345,-3.408263,Consumer Goods,18:11:23,1957,September,Coffee,Grocery
3,Julia,Ford,Female,US,+1-930-632-9004,USD,1994-09-02,13000,99.2,B+,364907,"Um dolor sit amet, c",beautifullighthouse@live.com,www.supremeglass.net,Supreme Metal,Research and Development,Research Scientist,EK107774,722-19-6466,5001945544677096,diamond123Wa,"88 Cedar Drive, Denver, Colorado, 55986, US",24.427094,-69.526109,Manufacturing,08:32:43,2011,February,Lab Bench,Industrial and Scientific
4,Wanda,Graham,Female,UK,+44-7188-970-732,GBP,2000-10-24,20000,101.3,O-,689445," sit amet, consectet",workopera@live.com,www.genesisdynamics.net,Techno Woodworks,Sales,Sales Manager,973341,54-77-33,1877173268398726,bananahelloOd,"54 Chestnut St., Coventry, West Midlands, SN11 5SK, UK",51.724529,-5.631093,Telecom,21:21:43,1984,October,Scissors,"Arts, Crafts, and Sewing"
5,Donna,Reed,Female,UK,+44-7180-033-024,GBP,1993-08-11,18000,101.3,O-,257167,Ipsum dolor sit amet,lovex@live.com,www.puritygroup.org,Supreme Technologies,Marketing,Director,727958,34-55-63,4320027455519119,happypasswordGm,"75 Maple Ave., Esher, Surrey, RG6 10EZ, UK",56.311001,-1.487524,Robotics,16:53:39,1997,January,Hand Cream,Beauty and Personal Care
6,Betty,Martinez,Female,US,+1-278-195-0872,USD,2001-07-19,17000,98.3,AB-,487653," dolor sit amet, con",uniwater@outlook.com,www.intrepidchemical.org,Catalyst Dynamics,Procurement,Director of Procurement,TH336046,487-72-9607,6274596714608385,abcdef@Vl,"39 Chestnut St., Plano, Texas, 30864, US",41.180182,-84.025419,Agriculture,14:28:40,2013,November,Science Fiction,Books
7,Betty,Alexander,Female,US,+1-170-021-2987,USD,1981-07-11,10000,100.9,O+,712976,"Or sit amet, consect",tulip1010@hotmail.com,www.spectrumsystems.net,Global Machineries,IT,Developer,IY537668,829-48-0616,9515410998940027,diamond000000Fi,"27 Lake St., Auburn, Alabama, 22855, US",44.188838,-119.211824,Art and Design,10:42:49,1971,September,Yogurt,Grocery
8,Kevin,Harris,Male,UK,+44-7953-742-146,GBP,1991-06-29,13000,100.7,B-,760929,"Lor sit amet, consec",heavendesert@yahoo.com,www.radiantmachineries.com,Noble Glass,Public Relations,VP of PR,802289,35-11-38,9369512728237385,apple000Ki,"87 Cedar Ave., Witney, Oxfordshire, HR1 2IM, UK",50.858576,1.133074,Artificial Intelligence,22:17:34,1991,September,Film Cameras,Movies and TV
9,Phillip,Turner,Male,UK,+44-7668-566-529,GBP,1989-12-24,18000,97.9,B+,108123,"T amet, consectetur ",xtulip@yahoo.com,www.splendidsolutions.edu,Visionary Dynamics,Sales,Account Manager,878279,99-36-06,7170638146838624,wowzahelloGn,"87 River Drive, Basingstoke, Hampshire, KT7 0OY, UK",51.680985,-0.16069,E-commerce,16:01:02,1939,August,External Hard Drive,Electronics
10,Ralph,Watson,Male,US,+1-454-848-5789,USD,1994-10-04,18000,99.9,AB-,258151,"Dolor sit amet, cons",mozzarellaocean@outlook.com,www.majestictech.com,Synergy Services,Accounts,Asst. Controller,WR507584,376-30-3846,7243538283241012,happy123Pf,"98 Maple St., Auburn, Alabama, 81373, US",46.469247,-96.119921,Pharmaceuticals,22:10:53,2021,July,Quilting Fabric,"Arts, Crafts, and Sewing"
11,Mary,Scott,Female,US,+1-762-590-4074,USD,1995-10-25,13000,97.6,O-,709566,Rem ipsum dolor sit ,findmework@yahoo.com,www.synergyservices.net,Stellar Chemical,Health and Safety,Director of Health and Safety,ZB755654,216-43-3535,4558948031229535,diamondsunshineOu,"81 High Blvd., Syracuse, New York, 66927, US",35.466387,-120.513763,Cybersecurity,12:25:59,1961,September,Screwdriver Set,Tools and Home Improvement
12,Shirley,Howard,Female,US,+1-160-327-2622,USD,1982-09-11,13000,101.1,AB-,327496,"Olor sit amet, conse",opera80s@gmail.com,www.zenithservices.net,Forge Mechanics,Business Development,Business Development Representative,WA159501,144-52-2274,1847165391996751,asdfghpasswordHg,"40 Elm Ave., Florence, Alabama, 63911, US",30.587848,-115.893704,Logistics and Transportation,12:04:57,1963,October,Portable Projector,Electronics
13,Frances,Torres,Female,US,+1-714-677-8146,USD,2004-04-06,20000,98.8,O-,250645,Em ipsum dolor sit a,norwesteruni@yahoo.com,www.innovationchemical.org,Pinnacle Dynamics,Quality Assurance,Director of Quality Assurance,SE238980,169-91-4013,2434794540708512,admin000Np,"95 Elm Drive, Johns Creek, Georgia, 55609, US",43.606113,-75.329775,Insurance,17:57:54,1905,February,Sunscreen,Beauty and Personal Care
14,Laura,Thomas,Female,US,+1-048-694-8194,USD,2000-09-30,19000,97.6,B+,298783,M ipsum dolor sit am,poetry1996@hotmail.com,www.innovationtechnologies.edu,Exquisite Concepts,Public Relations,VP of PR,HV906192,619-49-2109,7850273152507034,happy123456Pd,"7 Grand Drive, Lakewood, Colorado, 43801, US",40.577154,-107.140324,Research and Development,14:51:36,1978,March,Electric Blanket,Health and Household
15,Timothy,Jenkins,Male,US,+1-180-636-1866,USD,1999-04-21,14000,99.1,B-,224249,Ipsum dolor sit amet,xsilk@gmail.com,www.equilibriumtech.edu,Delux Concepts,Finance,Accountant,ZY220449,802-67-7675,0064722365421084,asdfgh@On,"35 First St., Denver, Colorado, 57976, US",34.603914,-105.950573,Fitness and Wellness,09:59:24,1960,July,Robot Toys,Toys
16,Gloria,Martinez,Female,UK,+44-7313-917-052,GBP,1984-03-20,17000,99.7,B+,452948,"Olor sit amet, conse",lovemozzarella@outlook.com,www.quantumsolutions.net,Precision Machineries,Operations,Operations Coordinator,401279,36-48-54,3821821548642676,wowzasunshineQt,"99 Lake Ave., Woking, Surrey, HA11 0EV, UK",56.746533,-6.506383,Logistics and Transportation,12:26:41,1913,September,Gaming Merchandise,Video Games
17,Robert,Perez,Male,US,+1-972-211-8137,USD,2006-06-17,19000,99.4,AB+,036803,"Lor sit amet, consec",lovefindme@gmail.com,www.visionaryventures.edu,Catalyst Solutions,Marketing,Jr. Executive,AP828620,006-59-0436,5215404708426943,bananapasswordEq,"29 Park Rd., Chicago, Illinois, 70914, US",40.99064,-71.031206,Automotive,19:07:06,1974,November,Safety Glasses,Tools and Home Improvement
18,Robert,Baker,Male,UK,+44-7519-117-561,GBP,1991-07-15,17000,99.6,O-,491124,"Lor sit amet, consec",1996beautiful@live.com,www.zenithchemical.com,Harmony Woodworks,Marketing,Sr. Executive,514954,40-17-78,8980410058237562,eaglehelloMm,"15 Oak Blvd., Gosport, Hampshire, LD3 14AG, UK",56.255464,-5.163582,Consulting,17:45:44,2014,July,Video Game Controller,Video Games
19,Jessica,James,Female,US,+1-660-938-0076,USD,2001-05-16,18000,99.1,A-,700653,Lorem ipsum dolor si,heavennorwester@gmail.com,www.suprememechanics.com,Fusion Consulting,Marketing,Sr. Manager,OB063799,938-98-1318,7048162228549210,eagle000000Tz,"56 Washington Rd., Laredo, Texas, 92362, US",41.706336,-98.286402,Technology,15:27:10,2022,May,Necklace,Jewelry
20,Donna,Clark,Female,UK,+44-7277-940-644,GBP,1992-12-23,16000,100.1,O+,659004,"Dolor sit amet, cons",desert1996@hotmail.com,www.prosperchemical.com,Insight Consulting,Data Science,Director of Data Science,445060,85-82-51,8799475123874135,asdfgh@Cb,"62 Elm Rd., Portsmouth, Hampshire, NW3 9XG, UK",56.448618,-0.725587,Information Technology,11:40:55,1903,November,Bluetooth Keyboard,Electronics
21,Robin,Taylor,Female,US,+1-571-667-2725,USD,2004-02-01,14000,99.4,A+,449234,M ipsum dolor sit am,1010xoxo@hotmail.com,www.unisonmetal.net,Quantum Dynamics,Supply Chain,Supply Chain Analyst,DZ147657,612-93-6726,1082629697026357,happypassPr,"11 Pleasant Blvd., Savannah, Georgia, 21086, US",39.787424,-107.530361,Environmental,13:03:59,1992,May,Collectibles,Movies and TV
22,Emily,Long,Female,UK,+44-7749-883-407,GBP,1997-07-04,19000,101.2,O+,177841," sit amet, consectet",fire80s@live.com,www.securenetworks.net,Zenith Concepts,Product Management,VP of Product Management,169923,69-68-70,3911124169937786,eaglehelloYo,"48 Pleasant St., Middlesbrough, North Yorkshire, BN1 9MA, UK",50.42313,-2.353633,Hospitality and Tourism,18:29:41,1985,May,Safety Goggles,Industrial and Scientific
23,Sandra,Morris,Female,UK,+44-7081-924-118,GBP,1981-09-20,18000,98.8,AB+,968827," dolor sit amet, con",xdesert@live.com,www.inspirenetworks.com,Quantum Metal,Marketing,VP,143507,62-36-35,0993202153110969,eaglesecretNx,"61 Central Drive, Aylsham, Norfolk, AL9 4QM, UK",55.609239,-7.799151,Agriculture,09:17:39,1900,February,Floor Mats,Automotive
24,Susan,Brooks,Female,US,+1-490-398-3866,USD,2001-05-14,13000,101.3,AB-,088989,M ipsum dolor sit am,firerock@gmail.com,www.grandeurchemical.com,Innate Industries,Health and Safety,Health and Safety Coordinator,LF567247,094-97-3884,8859736757120227,happy@Pf,"12 Main St., Decatur, Alabama, 89390, US",30.722963,-108.636217,Artificial Intelligence,12:41:31,1937,June,Jeans,Clothing
25,Norma,Diaz,Female,US,+1-629-160-7514,USD,1987-07-01,13000,100.1,AB-,515360,Em ipsum dolor sit a,operaxoxo@yahoo.com,www.infinitypharmaceuticals.org,Integrity Automotive,Quality Assurance,QA Analyst,DK700994,335-02-8708,6915194531422227,apple000Ky,"66 Washington Ave., Rochester, New York, 55839, US",38.558472,-95.527013,Pharmaceuticals,14:53:27,1905,July,Earrings,Jewelry
26,Janet,Sanders,Female,UK,+44-7383-919-807,GBP,1980-11-15,16000,98.1,AB-,180656," dolor sit amet, con",desertwater@outlook.com,www.elegantdynamics.com,Zenith Group,Quality Assurance,QA Analyst,890540,96-29-13,1571751236411913,wowzahelloDb,"43 Park Blvd., Scarborough, North Yorkshire, RM12 3YF, UK",56.318223,-3.972109,Automotive,18:57:52,1924,August,Cheese,Grocery
27,Terry,Lopez,Male,US,+1-043-490-3745,USD,2005-07-07,17000,100.9,O-,036576,Em ipsum dolor sit a,abcmozzarella@outlook.com,www.secureconcepts.org,Harmony Solutions,Procurement,Procurement Analyst,QC197053,671-05-8637,6852696184541072,happy!Et,"100 Grand St., Huntsville, Alabama, 96733, US",31.691213,-97.947089,Media and Entertainment,14:04:20,1928,January,Shoes,Clothing
28,Kevin,Ross,Male,UK,+44-7993-343-634,GBP,1999-07-20,17000,100.9,A-,828097,Em ipsum dolor sit a,heavensunshine@yahoo.com,www.noblemachineries.com,Synergy Innovations,Quality Assurance,Sr. QA Analyst,184550,13-02-80,8108219773699836,eagle123Bs,"100 Oak Blvd., Aylsham, Norfolk, BH10 14AB, UK",56.978228,-6.433547,Fitness and Wellness,11:34:05,1907,April,Razor,Beauty and Personal Care
29,Ralph,Thompson,Male,US,+1-748-461-7961,USD,1991-04-07,10000,98.9,A-,047387," sit amet, consectet",unixoxo@hotmail.com,www.profounddynamics.com,Synergy Technologies,Product Management,Sr. Product Manager,ZH929474,720-55-6760,1705644457930380,banana456Gd,"58 Park St., Peoria, Illinois, 47425, US",34.720245,-85.211144,Telecommunications,16:51:31,2004,February,Baby Monitor,Baby
30,Lawrence,Thomas,Male,UK,+44-7618-979-310,GBP,1990-04-26,17000,99.0,A-,440934,Rem ipsum dolor sit ,heavendesert@hotmail.com,www.creativepharmaceuticals.net,Equilibrium Dynamics,Engineering,Deputy Engineer,955154,62-32-45,0184222399416952,apple000000Nw,"81 Cedar Drive, York, North Yorkshire, TW5 11OT, UK",50.101255,-6.050622,Sports and Recreation,16:34:21,1939,August,Gaming Headset,Video Games
31,Julie,Thompson,Female,US,+1-695-075-3123,USD,1990-05-12,18000,98.2,O+,418847,Rem ipsum dolor sit ,rhythmwater@gmail.com,www.elitewoodworks.edu,Precision Solutions,Engineering,Engineer,BJ182095,714-50-0738,2068032153403217,diamondpasswordEy,"76 Lake Ave., Mobile, Alabama, 26027, US",40.807425,-85.482821,Pharmaceuticals,16:11:07,1991,May,Bath Towels,Health and Household
32,Eugene,Hill,Male,US,+1-637-552-8046,USD,2003-07-25,13000,100.0,B-,720116," dolor sit amet, con",unistory@gmail.com,www.evolveconcepts.net,Eclipse Chemical,Research and Development,Research Assistant,IQ584287,877-50-8162,1750234792267000,happy@Qs,"1 River Sq., Gilbert, Arizona, 54676, US",29.725765,-92.114158,Research and Development,21:11:30,1954,December,Water Guns,Toys
33,Carol,Gonzales,Female,UK,+44-7900-781-460,GBP,1997-10-14,10000,100.5,A+,260191,Rem ipsum dolor sit ,findmea2z@yahoo.com,www.prosperlabs.edu,Accelerate Services,HR,VP of HR,754661,22-10-92,2280806381368638,abcdef!Io,"71 Elm Rd., Southampton, Hampshire, DD13 2YC, UK",56.469914,-3.633696,E-commerce,17:27:21,2005,September,Baby Shoes,Baby
34,Frank,Robinson,Male,UK,+44-7819-819-263,GBP,2006-02-14,17000,98.8,B-,763722,Rem ipsum dolor sit ,mew1010@live.com,www.deluxtech.edu,Integral Industries,Public Relations,VP of PR,319350,13-10-18,4233326014296264,asdfghpassMv,"96 Central Rd., Woking, Surrey, BR4 14SY, UK",50.802743,-4.542454,Hospitality and Tourism,15:06:57,1938,April,Hair Styling Gel,Beauty and Personal Care
35,Raymond,Wallace,Male,US,+1-146-671-0543,USD,1984-05-28,12000,100.9,A+,351789,"Or sit amet, consect",xoxonorwester@live.com,www.stellarventures.net,Synergy Chemical,Data Science,VP of Data Science,HP035234,329-53-7003,6188789486581216,apple000000Gk,"74 Oak Ave., Westminster, Colorado, 78693, US",43.910524,-72.240218,Finance and Banking,13:56:12,1953,June,Djembe,Musical Instruments
36,Kathryn,Ward,Female,UK,+44-7313-892-724,GBP,1982-12-01,10000,99.7,AB-,611982, ipsum dolor sit ame,rhythmwater@live.com,www.securegroup.com,Catalyst Networks,Public Relations,PR Manager,904770,26-94-79,7485159621957885,banana123456Iw,"62 Elm Sq., Coventry, West Midlands, PA5 16UO, UK",52.5616,-4.429882,Hospitality and Tourism,18:24:58,1980,September,Water Bottle,Sports and Outdoors
37,Martin,Foster,Male,UK,+44-7621-244-019,GBP,1994-12-06,17000,98.5,AB-,291164,"Lor sit amet, consec",beautifuluni@outlook.com,www.triumphconsulting.net,Stellar Labs,Operations,Director of Operations,416728,60-26-34,3112558672216183,abcdef123Oy,"77 Oak St., Liverpool, Lancashire, TF12 12RD, UK",53.387207,-1.653318,Education,19:50:37,1931,March,Sewing Patterns,"Arts, Crafts, and Sewing"
38,Dawn,Evans,Female,US,+1-316-167-5375,USD,1996-06-16,18000,97.6,O-,911054,"Lor sit amet, consec",a2zsilk@hotmail.com,www.creativeservices.net,Supreme Systems,Quality Assurance,Sr. QA Analyst,XR376412,043-20-9982,3947537903836518,wowza@Yl,"78 Maple Rd., Sandy Springs, Georgia, 40110, US",47.712216,-92.402019,Insurance,14:19:22,1928,April,Art Easels,"Arts, Crafts, and Sewing"
39,Cynthia,King,Female,UK,+44-7825-821-579,GBP,2003-03-18,18000,99.6,B-,983044," sit amet, consectet",findmemozzarella@yahoo.com,www.technoinnovations.edu,Exquisite Consulting,Data Science,Director of Data Science,174239,61-85-65,6152421997576122,bananasecretEj,"16 Elm Sqr., Selby, North Yorkshire, PA11 8BO, UK",51.170866,-8.364397,Construction,10:11:26,1910,July,Eye Cream,Beauty and Personal Care
40,Tina,Adams,Female,UK,+44-7680-821-183,GBP,1983-03-17,17000,100.6,O+,934748,Em ipsum dolor sit a,desertfindme@live.com,www.evolveventures.edu,Catalyst Labs,Procurement,Director of Procurement,044078,58-94-41,8526018024368145,adminsunshineUv,"16 Central Sqr., Burnley, Lancashire, KY2 16SU, UK",51.136568,-1.64949,Blockchain,10:18:17,2018,February,Flute,Musical Instruments
41,Edward,Torres,Male,US,+1-232-006-2402,USD,1984-01-09,20000,98.3,AB-,481878,Rem ipsum dolor sit ,storyx@live.com,www.zenithsystems.com,Radiant Innovations,Supply Chain,Supply Chain Assistant,GC105669,785-29-8733,5394402526406654,eaglepassDh,"16 River Ave., Centennial, Colorado, 40933, US",39.371956,-122.206953,Research and Development,20:03:41,1984,November,Flute,Musical Instruments
42,Martha,Phillips,Female,UK,+44-7685-381-531,GBP,1997-04-02,10000,98.9,O+,524082,"Dolor sit amet, cons",operaxoxo@outlook.com,www.integralsystems.com,Innate Labs,Data Science,VP of Data Science,665319,86-08-00,5340439515459723,abcdefpasswordWo,"45 Market St., Basildon, Essex, SW16 16UW, UK",55.289819,-4.128644,Nonprofit and Social Services,13:21:17,2010,January,Virtual Reality Headset,Electronics
43,Crystal,Foster,Female,UK,+44-7718-538-224,GBP,2000-01-11,18000,98.8,B-,440778, ipsum dolor sit ame,silkmozzarella@hotmail.com,www.grandeurinnovations.org,Integral Automotive,Finance,Asst. Controller,631939,05-72-93,5124402140653827,banana000000Mk,"80 Washington Blvd., Canterbury, Kent, DH9 9ZW, UK",56.144935,-6.734531,Telecom,08:10:14,1963,March,Thriller,Books
44,Sarah,Adams,Female,US,+1-978-696-6414,USD,1980-06-26,13000,98.7,A-,671363,"T amet, consectetur ",storybeautiful@live.com,www.illuminateautomotive.edu,Rhapsody Services,Accounts,Asst. Controller,EX916611,120-73-5633,3737404117715793,wowza000Ch,"33 High Sq., Denver, Colorado, 39938, US",44.776456,-100.420823,Artificial Intelligence,10:37:28,2022,May,Guitar,Musical Instruments
45,Jonathan,Edwards,Male,UK,+44-7379-582-548,GBP,1999-12-26,17000,100.8,B+,225448,"Sit amet, consectetu",tulipa2z@yahoo.com,www.luminoustech.com,Techno Industries,Research and Development,Lead Research Scientist,528197,19-04-16,6757407788897045,apple@Iq,"54 Park Sq., Southend-on-Sea, Essex, TS13 16DQ, UK",54.572141,-6.412702,Telecommunications,16:18:11,1916,November,Hairpin,Jewelry
46,Alice,Turner,Female,UK,+44-7764-086-778,GBP,1998-07-29,18000,98.9,A-,842782,Orem ipsum dolor sit,1996findme@outlook.com,www.evolveindustries.edu,Synergy Industries,Product Management,Product Assistant,904217,75-96-89,3119731394317949,applepassAw,"77 Elm Drive, Harlow, Essex, IG5 12UE, UK",58.434581,-3.858861,Telecom,15:43:19,1950,January,DVDs,Movies and TV
47,Margaret,Diaz,Female,US,+1-288-938-3090,USD,1989-05-20,14000,99.9,A-,345204,"Dolor sit amet, cons",fireopera@gmail.com,www.technodynamics.net,Zenith Machineries,IT,Jr. Developer,KI910945,654-85-5621,0332955306880307,wowzapassIi,"3 Church Blvd., Lakewood, Colorado, 12609, US",39.900654,-117.243214,Automotive,15:59:11,1993,May,Pet Grooming Kit,Pet Supplies
48,Lisa,Walker,Female,UK,+44-7557-796-586,GBP,1998-06-30,19000,99.8,A+,122131, ipsum dolor sit ame,mewfindme@gmail.com,www.globalglass.edu,Stellar Metal,Health and Safety,Sr. Health and Safety Manager,454456,66-60-36,9449349679690088,diamond123Co,"16 Elm Drive, Exmouth, Devon, LL16 11SJ, UK",54.854147,-3.613904,Augmented Reality,11:24:50,1964,May,First Aid Kit,Health and Household
49,Patrick,Harris,Male,US,+1-311-975-2642,USD,1987-06-08,13000,98.9,A+,529933,"M dolor sit amet, co",poetry80s@hotmail.com,www.efficiencylabs.com,Precision Group,Legal,Paralegal,BD569998,104-65-6408,6970108003837201,diamond123456Yk,"81 Broadway Blvd., Boulder, Colorado, 87499, US",37.636079,-82.284723,Augmented Reality,22:26:36,1992,July,Desk Organizer,Office Products
50,Shirley,Evans,Female,UK,+44-7649-490-821,GBP,1992-10-31,13000,99.1,B-,221383," dolor sit amet, con",norwesterglasswall@live.com,www.zenithmachineries.net,Forge Networks,Customer Service,Director of Customer Service,829351,44-61-87,6059039327965729,diamond000Tx,"18 Central Rd., Preston, Lancashire, LA1 3LT, UK",53.29933,-2.652753,Robotics,16:15:12,2014,March,Fishing Rod,Sports and Outdoors
51,Frances,Hill,Female,US,+1-740-451-9572,USD,1984-07-26,16000,101.4,A-,594071,"Sit amet, consectetu",tulipuni@gmail.com,www.eclipseautomotive.edu,Vivid Pharmaceuticals,Operations,Operations Supervisor,WY746620,330-65-9150,0757565486806203,davidpasswordJr,"64 Main Sqr., Fresno, California, 27828, US",44.62731,-88.898813,Government and Public Services,12:33:48,1987,August,Watercolor Brushes,"Arts, Crafts, and Sewing"
52,Eugene,Brown,Male,UK,+44-7238-590-865,GBP,1982-12-31,12000,100.9,B-,428130,"Lor sit amet, consec",1010water@outlook.com,www.dynamicconcepts.edu,Inspire Pharmaceuticals,Procurement,Director of Procurement,767427,90-35-92,3124532734511591,happysecretHn,"27 Chestnut Sqr., York, North Yorkshire, LE3 7LU, UK",55.360001,1.374263,Artificial Intelligence,18:26:45,2000,September,Gaming Microphone,Video Games
53,Sean,Reed,Male,UK,+44-7366-734-355,GBP,2000-11-11,18000,98.3,AB-,183749," dolor sit amet, con",80socean@gmail.com,www.infinitydynamics.org,Innovative Industries,Product Management,Product Assistant,717420,06-63-99,5950121755399069,diamond123456Nm,"4 River Sq., Aylsham, Norfolk, ME4 11PV, UK",55.732926,-4.268409,Marketing and Advertising,10:43:19,1919,January,Pet Toys,Pet Supplies
54,Paul,Garcia,Male,UK,+44-7421-926-584,GBP,2004-09-05,12000,98.8,A+,460608,Rem ipsum dolor sit ,operafire@outlook.com,www.securenetworks.net,Premium Pharmaceuticals,Supply Chain,VP of Supply Chain,230724,34-18-33,1449875821436340,eagle@Mp,"79 Main Drive, Scarborough, North Yorkshire, HX14 16QJ, UK",52.215666,-7.162223,Telecommunications,12:36:16,1973,August,Hairpin,Jewelry
55,Nicholas,Smith,Male,US,+1-258-542-0411,USD,1983-09-01,19000,98.1,AB-,075921,M ipsum dolor sit am,rockmozzarella@hotmail.com,www.puritysolutions.org,Vanguard Innovations,Public Relations,PR Assistant,YV727563,379-80-3570,0102669356562937,happy123456Gg,"23 Main Blvd., Ann Arbor, Michigan, 22095, US",34.100993,-75.514068,Renewable Energy,21:58:07,1975,December,Umbrella,Clothing
56,Mark,Thompson,Male,UK,+44-7337-899-874,GBP,1988-07-11,20000,100.5,A-,424912, ipsum dolor sit ame,operaglasswall@yahoo.com,www.synergytech.com,Excellent Industries,Health and Safety,Safety Officer,916416,40-33-94,4873502116387022,chocolatepasswordQx,"11 River St., Dover, Kent, DG3 4VK, UK",56.275093,-5.974154,Nonprofit and Social Services,09:00:46,1952,December,Microwave,Home and Kitchen
57,Shawn,Scott,Male,UK,+44-7408-548-548,GBP,2004-01-05,18000,97.7,O-,335627," sit amet, consectet",glasswall1996@yahoo.com,www.stellarautomotive.net,Zenith Consulting,Engineering,Engineer,097602,44-69-96,0841093034928894,chocolate123Lb,"24 Broadway Sq., Manchester, Lancashire, PR16 1LY, UK",55.018145,-4.654943,E-commerce,13:35:26,1933,January,Movie Trivia Games,Movies and TV
58,Donald,Hill,Male,US,+1-994-162-3117,USD,1986-04-24,17000,100.8,B-,544446,Ipsum dolor sit amet,norwesterx@gmail.com,www.profoundmechanics.net,Paragon Solutions,HR,HR Director,SM523253,721-00-9169,7963455525443930,bananahelloCl,"60 Broadway Sqr., Chandler, Arizona, 38869, US",40.240181,-107.840646,Insurance,08:58:46,1952,June,Baby Shoes,Baby
59,Ashley,Wallace,Female,UK,+44-7052-302-725,GBP,1990-06-17,16000,98.4,O-,148080,"Or sit amet, consect",desertwork@gmail.com,www.catalystconcepts.edu,Illuminate Solutions,Engineering,CTO,679491,23-88-54,2342407634180951,diamond@Lb,"21 Washington Blvd., Liverpool, Lancashire, GU7 9SI, UK",52.172871,1.117008,Fitness and Wellness,17:02:40,2008,May,Robot Toys,Toys
60,Danny,Walker,Male,UK,+44-7551-133-963,GBP,1985-06-16,20000,98.1,A-,423148,"R sit amet, consecte",workmew@gmail.com,www.synergyconsulting.net,Genesis Industries,Public Relations,PR Assistant,168005,11-08-05,6923793027943993,abcdefsunshineTo,"55 Pine Ave., Banbury, Oxfordshire, DY3 0IC, UK",52.417447,-6.464391,Telecommunications,10:29:01,2009,December,Children's,Books
61,Gerald,Cox,Male,US,+1-770-099-1154,USD,2004-05-05,16000,100.8,B+,218996,"Or sit amet, consect",opera1010@gmail.com,www.synergyautomotive.edu,Stellar Dynamics,Public Relations,PR Assistant,JH870998,624-94-0040,1768417381116186,apple000Fz,"74 Central Ave., Fort Worth, Texas, 40315, US",47.211097,-73.592048,Finance and Banking,12:55:44,2013,December,Bracelet,Jewelry
62,Virginia,Mitchell,Female,UK,+44-7600-838-619,GBP,1983-03-09,13000,99.4,B+,666965,Em ipsum dolor sit a,rhythm80s@outlook.com,www.securesolutions.org,Vibrant Concepts,Business Development,Business Development Manager,453652,14-21-35,7512920287490125,chocolate000000Hf,"92 Main Rd., Oxford, Oxfordshire, LE5 16LT, UK",54.448781,-4.771335,Virtual Reality,19:07:09,1913,November,Hair Dryer,Beauty and Personal Care
63,Edward,Brown,Male,US,+1-207-462-7907,USD,1983-01-26,15000,100.5,AB+,640358,Lorem ipsum dolor si,workxoxo@gmail.com,www.grandeurservices.com,Catalyst Solutions,IT,CTO,NR017026,281-53-4800,3311910435249512,asdfgh@Ja,"12 High Blvd., Los Angeles, California, 19474, US",37.919793,-102.674806,Gaming,21:32:02,1977,October,Safety Goggles,Industrial and Scientific
64,Heather,Phillips,Female,UK,+44-7605-979-306,GBP,1990-12-06,19000,101.2,B-,287888,Lorem ipsum dolor si,lighthouserock@hotmail.com,www.eclipsenetworks.com,Prosper Ventures,Health and Safety,VP of Health and Safety,554136,17-38-47,2076485186763803,applehelloNa,"25 Main Blvd., Coventry, West Midlands, PR12 9TR, UK",57.249835,-3.191557,Fashion and Retail,17:30:07,1988,September,Knife Set,Home and Kitchen
65,Philip,Coleman,Male,UK,+44-7377-033-412,GBP,1995-04-29,12000,98.8,AB+,031030,"Sum dolor sit amet, ",80snorwester@gmail.com,www.vanguardinnovations.net,Integral Tech,Public Relations,PR Specialist,554559,27-77-97,0894764463898740,diamondpassJv,"9 Oak Ave., Guildford, Surrey, SS1 12LR, UK",56.553436,-8.308929,Agriculture,15:51:44,2016,December,Umbrella,Clothing
66,Johnny,Rivera,Male,UK,+44-7424-194-442,GBP,1986-09-01,16000,101.1,A-,857368,Ipsum dolor sit amet,operafire@outlook.com,www.synergisticsolutions.net,Luminous Mechanics,Supply Chain,VP of Supply Chain,345791,31-17-94,5819195018161750,bananasecretJb,"60 River Sq., Exmouth, Devon, BN3 1XL, UK",54.065851,-2.649852,Automotive,14:01:21,2017,April,Paint Brushes,Tools and Home Improvement
67,Frank,Carter,Male,US,+1-821-810-6970,USD,2003-11-14,12000,97.6,AB-,593353,M ipsum dolor sit am,1996beautiful@gmail.com,www.invincibleenterprises.edu,Stellar Enterprises,Operations,Sr. Operations Manager,FW381555,659-03-7114,9340045576340286,adminpasswordGc,"84 High Blvd., Schenectady, New York, 69718, US",40.315996,-68.327585,Telecom,22:47:23,1983,August,Hair Dryer,Beauty and Personal Care
68,John,Campbell,Male,US,+1-270-764-3286,USD,2003-01-20,16000,99.6,B-,947337,M ipsum dolor sit am,xnorwester@outlook.com,www.nobletech.com,Synergy Innovations,Procurement,Director of Procurement,PF947217,030-72-5218,7029178930789310,bananasunshineUy,"28 Oak Drive, Aurora, Illinois, 28866, US",33.320527,-71.791948,Finance and Banking,15:06:31,1945,July,Bicycle,Sports and Outdoors
69,Timothy,Griffin,Male,US,+1-309-886-8074,USD,2001-06-05,13000,98.5,A+,465822,Rem ipsum dolor sit ,1996poetry@outlook.com,www.majesticsystems.net,Pinnacle Tech,IT,Technical Lead,RT877491,527-09-7093,4005123263355395,apple000Xs,"67 Church Drive, Peoria, Illinois, 95557, US",47.652108,-113.237682,Space Exploration,09:40:36,1940,June,Dishwasher,Home and Kitchen
70,Bobby,Taylor,Male,US,+1-240-529-4438,USD,1982-06-18,17000,98.2,AB+,243913,Ipsum dolor sit amet,glasswallwork@yahoo.com,www.transcendinnovations.edu,Equilibrium Pharmaceuticals,Facilities Management,Sr. Facilities Manager,HR225282,765-89-5721,0789951379650058,happypassFx,"14 Cedar Drive, Atlanta, Georgia, 98128, US",28.806005,-76.581098,Agriculture,12:03:28,1993,May,Ring,Jewelry
71,Connie,Martinez,Female,UK,+44-7610-251-220,GBP,1992-05-07,18000,98.2,A-,814073,"R sit amet, consecte",xoxoocean@gmail.com,www.stellargroup.org,Elegant Metal,HR,VP of HR,519783,80-82-41,9958326001514657,wowza000Np,"2 River Drive, Portsmouth, Hampshire, KW2 13KX, UK",50.893023,-3.716429,E-commerce,22:17:04,1994,December,Smartwatch,Electronics
72,David,Hughes,Male,US,+1-678-607-3868,USD,1982-07-28,11000,100.9,O-,854350,Em ipsum dolor sit a,operaa2z@live.com,www.zenithmechanics.com,Delux Solutions,Legal,Legal Counsel,KX465139,966-34-8228,2762808642545153,happypassDr,"24 Pleasant Rd., Fort Myers, Florida, 18586, US",32.51198,-117.622662,Sports and Recreation,22:03:42,1984,March,Circular Saw,Tools and Home Improvement
73,Amy,Long,Female,UK,+44-7629-624-693,GBP,1981-09-20,19000,98.5,AB+,894311,"Lor sit amet, consec",glasswalluni@outlook.com,www.innatesolutions.com,Synergy Glass,Finance,CFO,575737,80-23-35,4406240828443073,banana000000Bl,"39 Maple Rd., King's Lynn, Norfolk, ST11 11DZ, UK",56.216136,-8.477776,Information Technology,18:50:59,2020,July,Movie Trivia Games,Movies and TV
74,Howard,Anderson,Male,US,+1-801-841-5076,USD,1999-11-24,20000,101.3,B+,922083," dolor sit amet, con",mozzarellanorwester@gmail.com,www.puritymechanics.com,Unison Services,Facilities Management,VP of Facilities Management,VM816714,960-51-4028,7527768573255225,apple123Kc,"11 High Sqr., Albany, New York, 80312, US",29.071206,-72.186151,Government and Public Services,20:38:08,1949,May,Lab Bench,Industrial and Scientific
75,Annie,Patterson,Female,US,+1-068-094-9008,USD,1981-10-15,11000,99.0,A-,314885,Ipsum dolor sit amet,worktulip@live.com,www.precisionconsulting.com,Majestic Automotive,Data Science,Director of Data Science,RQ566981,942-45-5476,8225804447145576,banana123456Uu,"17 Pleasant Sq., Pensacola, Florida, 44187, US",26.936285,-78.634803,Hospitality and Tourism,20:30:10,1963,May,Plunger,Tools and Home Improvement
76,Eric,Hall,Male,US,+1-129-582-9826,USD,1991-11-04,13000,99.6,A-,562070,"Psum dolor sit amet,",beautifulwork@hotmail.com,www.technochemical.net,Secure Concepts,Engineering,Deputy Engineer,GD325932,872-64-9243,6538368234365250,eagle000000Sf,"67 Park Sqr., Ann Arbor, Michigan, 98477, US",29.290924,-120.85217,Sports and Recreation,20:19:29,1921,May,Cereal,Grocery
77,Howard,Coleman,Male,US,+1-170-667-3485,USD,1981-10-19,10000,98.1,A-,300413, ipsum dolor sit ame,silkbeautiful@gmail.com,www.harmonysolutions.com,Evolve Solutions,Marketing,AVP,WC626803,235-15-2755,4155422842782806,wowzahelloSk,"47 River Drive, Mesa, Arizona, 38782, US",46.785845,-122.433622,Real Estate,10:58:25,1978,May,Waffle Maker,Home and Kitchen
78,Victor,Roberts,Male,US,+1-217-633-4318,USD,1994-03-22,20000,100.3,A+,258905,"M dolor sit amet, co",1996story@gmail.com,www.radiantconsulting.org,Stellar Glass,Operations,Director of Operations,XH764162,838-25-3354,5770768620448626,abcdef123Mc,"33 Chestnut Rd., Macon, Georgia, 94872, US",32.102335,-98.089752,Art and Design,15:35:09,1970,June,Laundry Detergent,Health and Household
79,Henry,Clark,Male,UK,+44-7835-163-982,GBP,1991-03-20,19000,98.3,AB-,778606,"It amet, consectetur",sunshinexoxo@live.com,www.innovationservices.com,Illuminate Automotive,Sales,Sales Manager,127652,53-14-84,9521063211051916,applesecretJe,"37 Market Drive, Colchester, Essex, HD8 12WF, UK",53.83679,-4.333482,Education,22:21:03,1994,July,Coffee,Grocery
80,Holly,Murphy,Female,US,+1-215-169-0446,USD,1983-12-06,17000,98.0,B-,013332,Rem ipsum dolor sit ,a2ztulip@yahoo.com,www.grandeurservices.edu,Invincible Solutions,Health and Safety,VP of Health and Safety,DH655969,144-18-5154,7777485518262573,chocolate!Kz,"29 River St., Flagstaff, Arizona, 90481, US",34.11816,-123.406664,Cybersecurity,19:17:35,2019,September,GPS Navigation System,Automotive
81,Angela,Bell,Female,UK,+44-7980-562-250,GBP,1981-03-20,15000,100.7,O-,853502,"R sit amet, consecte",rhythm1010@gmail.com,www.catalystnetworks.net,Prosperity Machineries,IT,Developer,537426,62-66-75,8282228770329937,davidpasswordQk,"34 Elm St., Portsmouth, Hampshire, ML3 4CU, UK",51.697547,-4.089586,Pharmaceuticals,10:43:15,2002,December,Eggs,Grocery
82,Joe,Carter,Male,UK,+44-7482-325-787,GBP,2000-04-12,19000,100.2,O+,929185,"Dolor sit amet, cons",glasswalldesert@outlook.com,www.infinityconcepts.com,Prime Dynamics,Procurement,Procurement Specialist,706885,07-08-32,5677838220355319,asdfgh!Ph,"52 Pine Sqr., Paignton, Devon, AB11 7NR, UK",57.732992,-4.433132,Real Estate,16:44:40,1980,May,Video Games Collection,Video Games
83,Dawn,Diaz,Female,US,+1-992-395-7387,USD,2004-05-23,11000,100.4,B+,513793, ipsum dolor sit ame,uniabc@gmail.com,www.prosperityconsulting.net,Vanguard Services,Health and Safety,Sr. Health and Safety Manager,ZF345925,383-20-1239,5913177299952894,eaglepassSq,"71 Maple Drive, Sandy Springs, Georgia, 75440, US",35.070755,-103.534136,Logistics and Transportation,10:00:58,1946,January,Diapers,Baby
84,Bonnie,Green,Female,UK,+44-7796-264-458,GBP,2006-05-24,14000,100.3,A-,595931,Orem ipsum dolor sit,heavenbeautiful@gmail.com,www.zenithenterprises.edu,Synergistic Group,Training and Development,VP of Training and Development,415730,49-23-33,4082954957269176,abcdef@Lw,"27 Elm Sq., Gosport, Hampshire, SM1 1DV, UK",50.47152,0.949618,Information Technology,22:24:19,1980,June,Yoga Mat,Sports and Outdoors
85,Robert,Coleman,Male,US,+1-381-895-4503,USD,1993-08-27,11000,99.3,A-,320259,"Olor sit amet, conse",norwester1010@outlook.com,www.zenglass.com,Innovation Metal,Finance,Controller,EG416133,685-30-1188,2182073043690378,happysecretPg,"99 Broadway Ave., Laredo, Texas, 34314, US",47.360699,-103.603813,Media and Entertainment,19:43:51,1972,November,Pet Bed,Pet Supplies
86,Russell,Cooper,Male,US,+1-049-882-4269,USD,1993-10-11,14000,101.2,AB-,097567,"R sit amet, consecte",waterx@yahoo.com,www.supremeventures.org,Prosper Innovations,Facilities Management,Sr. Facilities Manager,KW711980,564-02-7203,9900631165491008,happy456Lz,"74 Park St., Rochester, New York, 28809, US",42.177116,-85.365222,Renewable Energy,22:45:33,1950,August,Desk Organizer,Office Products
87,Evelyn,Thomas,Female,US,+1-962-764-4167,USD,1998-06-10,14000,100.0,B+,422562,Em ipsum dolor sit a,abcwork@outlook.com,www.creativeenterprises.net,Elite Group,Customer Service,Customer Service Manager,CH480425,283-87-5462,2482447615465483,eaglesunshineRl,"87 Oak Ave., Arvada, Colorado, 95544, US",45.600889,-114.362177,Blockchain,21:12:39,1965,December,Belt,Clothing
88,Douglas,Lewis,Male,UK,+44-7644-139-447,GBP,1991-01-10,19000,98.4,AB-,191749, ipsum dolor sit ame,workpoetry@gmail.com,www.fusionindustries.com,Illuminate Machineries,Legal,Legal Secretary,777988,82-79-11,2494240654285050,admin@Uv,"5 Maple Sqr., Guildford, Surrey, DE6 14TN, UK",53.28501,-1.711113,Research and Development,11:33:57,1959,November,Acoustic Guitar,Musical Instruments
89,Ashley,Parker,Female,UK,+44-7640-628-305,GBP,2002-04-10,15000,98.4,B+,620718,Rem ipsum dolor sit ,workrock@hotmail.com,www.integralenterprises.edu,Stellar Services,Marketing,Asst. Manager,324139,75-64-41,5167587071748725,banana!Hm,"34 River Sq., Exeter, Devon, WD8 5HA, UK",55.587754,-2.944388,Gaming,16:09:09,1940,October,Drill,Tools and Home Improvement
90,Joe,Hall,Male,US,+1-074-047-1986,USD,1989-05-04,19000,100.8,O+,136096,Rem ipsum dolor sit ,xfire@outlook.com,www.supremegroup.org,Zen Innovations,Sales,Sales Representative,IU049123,275-82-8293,9987929430796513,banana123456Kp,"61 Oak Sqr., Rockford, Illinois, 39914, US",47.644178,-122.968921,Cybersecurity,19:51:31,1976,March,Hair Styling Gel,Beauty and Personal Care
91,Chris,Perry,Male,UK,+44-7133-798-716,GBP,1984-09-02,16000,98.5,A-,661516,"Sit amet, consectetu",storyocean@yahoo.com,www.excellenttech.edu,Visionary Labs,HR,Jr. HR Executive,965406,74-06-59,1143214153679553,adminsunshinePm,"88 River Blvd., Exmouth, Devon, AL10 7AI, UK",56.494277,0.219394,Healthcare,14:59:30,2005,July,Paper Towels,Health and Household
92,Mary,Reed,Female,US,+1-690-548-6543,USD,1999-03-19,11000,98.8,B-,576238,"Or sit amet, consect",a2zfindme@live.com,www.profoundmetal.net,Stellar Automotive,HR,VP of HR,QG937587,728-43-5201,2188084583222978,apple000Is,"95 Lake Blvd., Mobile, Alabama, 49066, US",28.128798,-76.718578,Manufacturing,11:10:23,1974,December,Hair Dryer,Beauty and Personal Care
93,Louis,Graham,Male,US,+1-005-674-4574,USD,2002-04-19,13000,100.7,B+,401319,Em ipsum dolor sit a,80srock@live.com,www.integralwoodworks.net,Vivid Ventures,HR,HR Executive,RL701032,134-92-7690,9808753393757755,eaglehelloBx,"51 Washington St., Dearborn, Michigan, 84444, US",38.130909,-91.195675,Artificial Intelligence,14:12:42,1960,June,Dog Collar,Pet Supplies
94,Ruth,Turner,Female,UK,+44-7239-218-292,GBP,1982-06-20,15000,97.6,A-,817363,"T amet, consectetur ",lighthousea2z@hotmail.com,www.premiumconcepts.net,Pinnacle Group,Procurement,Director of Procurement,673618,28-08-43,9670273153521657,abcdef456Uc,"27 Lake Drive, Southend-on-Sea, Essex, KA13 4TV, UK",53.387193,-7.705976,Finance and Banking,17:09:39,1954,October,Soundbar,Movies and TV
95,Roger,Lewis,Male,US,+1-347-375-9847,USD,1994-03-18,12000,98.2,AB-,506086,Lorem ipsum dolor si,mozzarellanorwester@yahoo.com,www.profoundsolutions.edu,Elite Labs,Training and Development,Training Coordinator,ZD779354,344-21-1344,8751396354561175,diamondsunshineIb,"60 Elm Ave., Phoenix, Arizona, 87442, US",44.37974,-74.44565,Legal Services,17:34:42,1944,January,Bunsen Burner,Industrial and Scientific
96,Crystal,King,Female,US,+1-115-654-9095,USD,2000-06-10,18000,101.2,O+,868643,"Psum dolor sit amet,",beautifulx@yahoo.com,www.synergygroup.edu,Zenith Enterprises,IT,Director of IT,PV169003,432-18-9622,6287503951356918,eagle000000Pv,"86 River St., Phoenix, Arizona, 51499, US",36.219898,-107.943771,Virtual Reality,20:50:17,1990,July,Reptile Habitat,Pet Supplies
97,Phillip,Lewis,Male,US,+1-359-253-3755,USD,1994-04-03,18000,100.0,B+,171642, ipsum dolor sit ame,rhythmglasswall@yahoo.com,www.inspiretechnologies.edu,Intrepid Machineries,Sales,Director of Sales,PH341531,025-83-5917,2345044694161320,diamond@Iu,"75 Pine Rd., Roswell, Georgia, 55842, US",30.447845,-100.964619,Gaming,10:40:37,1958,November,Gaming Laptop,Video Games
98,Craig,Adams,Male,US,+1-576-229-6352,USD,1981-05-16,18000,98.6,AB+,614248,"R sit amet, consecte",workdesert@hotmail.com,www.innatechemical.com,Embrace Systems,Marketing,Asst. Director,SG612828,656-29-2905,8400062523978486,diamond!Dm,"10 Park Blvd., Elgin, Illinois, 77598, US",38.572571,-83.901588,Nonprofit and Social Services,20:58:51,1981,March,Car Wash Kit,Automotive
99,Antonio,Cooper,Male,UK,+44-7819-718-030,GBP,1996-08-01,15000,97.7,A+,602633,"M dolor sit amet, co",oceanx@outlook.com,www.horizontechnologies.com,Synergy Consulting,Data Science,Data Science Manager,198760,31-48-16,3971069736362111,abcdef123Pr,"42 Pleasant Ave., Exmouth, Devon, CA8 4OS, UK",54.104168,-6.660754,Information Technology,16:31:37,1979,May,Headphones,Electronics
100,Michelle,Hall,Female,US,+1-770-565-6975,USD,2001-09-25,15000,100.9,B+,399563,"Lor sit amet, consec",lovea2z@hotmail.com,www.dynamicsolutions.com,Horizon Dynamics,Business Development,Business Development Representative,GM850404,859-53-8859,0931698360927818,davidpasswordFd,"47 Central St., Tempe, Arizona, 21430, US",41.697358,-96.426369,Automotive,20:23:00,2021,December,Golf Clubs,Sports and Outdoors
